Symbol,Name,Last Sale,Net Change,% Change,Market Cap,Country,IPO Year,Volume,Sector,Industry
AAMC,Altisource Asset Management Corp Com,$18.48,-0.02,-0.108%,37852935.00,United States,,905,Finance,Real Estate
AAU,Almaden Minerals Ltd. Common Shares,$0.4805,0.0014,0.292%,65934887.00,Canada,2015,332434,Basic Industries,Precious Metals
ACU,Acme United Corporation. Common Stock,$47.161,9.241,24.37%,157621966.00,United States,1988,116384,Capital Goods,Industrial Machinery/Components
ACY,AeroCentury Corp. Common Stock,$9.90,-0.28,-2.75%,15304252.00,United States,,79420,Technology,Diversified Commercial Services
ADRA,Adara Acquisition Corp. Class A Common Stock,$9.74,0.01,0.103%,140012500.00,United States,2021,101,Finance,Business Services
AE,Adams Resources & Energy Inc. Common Stock,$26.915,0.305,1.146%,114416069.00,United States,,1550,Energy,Oil Refining/Marketing
AEF,Aberdeen Emerging Markets Equity Income Fund Inc. Common Stock,$8.5798,0.0198,0.231%,435440105.00,United States,,12222,,
AGE,AgeX Therapeutics Inc. Common Stock,$1.38,0.00,0.00%,52350421.00,,2018,19051,Health Care,Major Pharmaceuticals
AIM,AIM ImmunoTech Inc. Common Stock,$2.0671,0.0671,3.355%,82043224.00,United States,,89336,Health Care,Biotechnology: Biological Products (No Diagnostic Substances)
AINC,Ashford Inc. (Holding Company) Common Stock,$8.25,-0.01,-0.121%,24829316.00,United States,2014,2100,Consumer Services,Professional Services
AIRI,Air Industries Group Common Stock,$1.1882,0.0082,0.695%,38022584.00,United States,,124172,Capital Goods,Military/Government/Technical
AMBO,Ambow Education Holding Ltd. American Depository Shares each representing two Class A ordinary shares,$2.4638,-0.0962,-3.758%,57218478.00,China,,458905,Consumer Services,Other Consumer Services
AMPE,Ampio Pharmaceuticals Inc.,$1.60,0.04,2.564%,313006605.00,United States,,179821,Health Care,Major Pharmaceuticals
AMS,American Shared Hospital Services Common Stock,$2.33,0.01,0.431%,13516330.00,United States,,3548,Health Care,Medical Specialities
ANVS,Annovis Bio Inc. Common Stock,$22.11,-0.23,-1.03%,153596047.00,United States,2020,6777,Health Care,Major Pharmaceuticals
APT,Alpha Pro Tech Ltd. Common Stock,$9.67,0.10,1.045%,131480640.00,Canada,,40388,Health Care,Industrial Specialties
ARMP,Armata Pharmaceuticals Inc. Common Stock,$4.29,0.10,2.387%,106994496.00,United States,,382,Health Care,Biotechnology: Biological Products (No Diagnostic Substances)
ASM,Avino Silver & Gold Mines Ltd. Common Shares (Canada),$1.2824,0.0524,4.26%,127977421.00,Canada,,665809,Basic Industries,Precious Metals
ASXC,Asensus Surgical Inc. Common Stock,$1.6612,0.1412,9.289%,386377432.00,United States,,4361153,Health Care,Medical/Dental Instruments
ATNM,Actinium Pharmaceuticals Inc. (Delaware) Common Stock,$7.38,0.24,3.361%,142032808.00,United States,,40656,Health Care,Major Pharmaceuticals
AUMN,Golden Minerals Company Common Stock,$0.7089,0.0169,2.442%,115174708.00,United States,,308359,Basic Industries,Precious Metals
AWX,Avalon Holdings Corporation Common Stock,$3.47,0.14,4.204%,13531026.00,United States,,3577,Public Utilities,Environmental Services
AXU,Alexco Resource Corp Common Shares (Canada),$2.755,0.055,2.037%,391020384.00,Canada,,207510,Basic Industries,Precious Metals
BATL,Battalion Oil Corporation Common Stock,$11.03,0.23,2.13%,179426742.00,,,201,Energy,Oil & Gas Production
BCV,Bancroft Fund Ltd.,$30.86,0.27,0.883%,170278876.00,United States,,797,,
BCV^A,Bancroft Fund Limited 5.375% Series A Cumulative Preferred Shares,$25.91,0.00,0.00%,,United States,,1,,
BDL,Flanigan's Enterprises Inc. Common Stock,$24.71,0.00,0.00%,45927167.00,United States,,17,Consumer Services,Restaurants
BDR,Blonder Tongue Laboratories Inc. Common Stock,$1.08,0.08,8.00%,12823969.00,United States,,242454,Technology,Radio And Television Broadcasting And Communications Equipment
BGI,Birks Group Inc. Common Stock,$1.975,0.055,2.865%,35492490.00,Canada,,63754,Consumer Services,Consumer Specialties
BHB,Bar Harbor Bankshares Inc. Common Stock,$29.09,0.00,0.00%,434752872.00,United States,,267,Finance,Major Banks
BIOX,Bioceres Crop Solutions Corp. Ordinary Shares,$13.35,0.25,1.908%,538349790.00,,2018,6897,Basic Industries,Agricultural Chemicals
BKTI,BK Technologies Corporation Common Stock,$4.584,0.044,0.969%,57354852.00,United States,,2104,Technology,Radio And Television Broadcasting And Communications Equipment
BMTX,BM Technologies Inc. Common Stock,$10.02,0.01,0.10%,122247026.00,,2018,8946,Finance,Major Banks
BRBS,Blue Ridge Bankshares Inc. Common Stock,$23.32,0.21,0.909%,434167026.00,,,338,Finance,Major Banks
BRG,Bluerock Residential Growth REIT Inc. Class A Common Stock,$9.59,0.10,1.054%,220354513.00,,2014,75334,Consumer Services,Real Estate Investment Trusts
BRG^C,Bluerock Residential Growth REIT Inc. 7.625% Series C Cumulative Redeemable Preferred Stock,$25.53,-0.07,-0.273%,,,,399,,
BRG^D,Bluerock Residential Growth REIT Inc. 7.125% Series D Cumulative Preferred Stock ($0.01 par value per share),$25.1881,-0.1219,-0.482%,,,,10474,,
BRN,Barnwell Industries Inc. Common Stock,$2.08,0.01,0.483%,17216493.00,United States,,8602,Energy,Oil & Gas Production
BTG,B2Gold Corp Common shares (Canada),$5.2345,0.1145,2.236%,5505656658.00,Canada,,3012492,Basic Industries,Precious Metals
BTN,Ballantyne Strong Inc. Common Stock,$4.40,-0.03,-0.677%,80526794.00,United States,,180873,Miscellaneous,Industrial Machinery/Components
BTX,Brooklyn ImmunoTherapeutics Inc. Common Stock,$9.6001,-0.1899,-1.94%,398540145.00,United States,,678709,,
BWL/A,Bowl America Inc.,$10.05,0.00,0.00%,,United States,,51,,
CANF,Can-Fite Biopharma Ltd Sponsored ADR (Israel),$2.21,0.03,1.376%,37993310.00,Israel,,63760,Health Care,Major Pharmaceuticals
CCF,Chase Corporation Common Stock,$115.28,-0.22,-0.19%,1089208209.00,United States,,1911,Consumer Durables,Building Products
CDOR,Condor Hospitality Trust Inc. Common Stock,$3.699,0.059,1.621%,44462502.00,United States,,3525,Consumer Services,Real Estate Investment Trusts
CEI,Camber Energy Inc. Common Stock,$0.7072,0.0271,3.985%,25031442.00,United States,,558529,Energy,Oil & Gas Production
CET,Central Securities Corporation Common Stock,$38.64,0.0328,0.085%,1013929172.00,United States,,2286,,
CEV,Eaton Vance California Municipal Income Trust Shares of Beneficial Interest,$13.36,-0.01,-0.075%,95304562.00,United States,1999,2266,,
CHAQ,Chardan Healthcare Acquisition 2 Corp. Common Stock,$10.055,0.035,0.349%,108375857.00,,2020,15700,Finance,Business Services
CHFW,Consonance-HFW Acquisition Corp. Class A Ordinary Shares,$9.85,-0.03,-0.304%,118534900.00,,2021,15919,,
CIK,Credit Suisse Asset Management Income Fund Inc. Common Stock,$3.43,0.02,0.587%,179405906.00,United States,,50726,,
CIX,CompX International Inc. Common Stock,$23.05,0.92,4.157%,285846669.00,United States,1998,4081,Capital Goods,Industrial Machinery/Components
CKX,CKX Lands Inc. Common Stock,$11.546,0.096,0.838%,22428047.00,United States,,622,Energy,Oil & Gas Production
CLM,Cornerstone Strategic Value Fund Inc. New Common Stock,$12.24,0.65,5.608%,950710604.00,United States,1987,1183394,,
CMCL,Caledonia Mining Corporation Plc Common Shares,$15.30,0.36,2.41%,185417992.00,Canada,,40208,Basic Industries,Precious Metals
CMT,Core Molding Technologies Inc Common Stock,$11.3929,0.1829,1.632%,96566756.00,United States,,6357,Consumer Non-Durables,Plastic Products
COHN,Cohen & Company Inc.,$29.4898,-0.0699,-0.236%,39134056.00,United States,,1475,Finance,Investment Bankers/Brokers/Service
CPHI,China Pharma Holdings Inc. Common Stock,$0.7028,0.0178,2.599%,32033313.00,China,,118926,Health Care,Major Pharmaceuticals
CQP,Cheniere Energy Partners LP Cheniere Energy Partners LP Common Units,$40.52,-0.43,-1.05%,19612535904.00,United States,2007,31290,Public Utilities,Oil/Gas Transmission
CRF,Cornerstone Total Return Fund Inc. (The) Common Stock,$11.8693,0.5793,5.131%,487158896.00,United States,,234285,,
CRHM,CRH Medical Corporation Common Shares of Beneficial Interest,$3.99,0.00,0.00%,285765584.00,,2015,201455,Health Care,Medical/Nursing Services
CTEK,CynergisTek Inc. Common Stock,$1.71,-0.03,-1.724%,20726394.00,United States,2017,10834,Miscellaneous,Business Services
CVM,Cel-Sci Corporation Common Stock,$19.69,0.98,5.238%,798021484.00,United States,,513096,Health Care,Biotechnology: Biological Products (No Diagnostic Substances)
CVR,Chicago Rivet & Machine Co. Common Stock,$26.00,0.00,0.00%,25119432.00,United States,,27,Technology,Industrial Machinery/Components
CVU,CPI Aerostructures Inc. Common Stock,$4.39,0.15,3.538%,53262140.00,United States,,15194,Capital Goods,Military/Government/Technical
DHY,Credit Suisse High Yield Bond Fund Common Stock,$2.4157,0.0057,0.237%,250042831.00,United States,1998,633978,,
DIT,AMCON Distributing Company Common Stock,$123.3137,2.6453,2.192%,67991351.00,United States,,816,Consumer Non-Durables,Food Distributors
DLA,Delta Apparel Inc. Common Stock,$28.48,0.37,1.316%,198638317.00,United States,,3867,Consumer Non-Durables,Apparel
DMF,BNY Mellon Municipal Income Inc. Common Stock,$8.9199,-0.0001,-0.001%,185095043.00,United States,1988,12141,,
DNN,Denison Mines Corp Ordinary Shares (Canada),$1.05,0.04,3.96%,838452843.00,Canada,,3841888,Basic Industries,Precious Metals
DPW,Ault Global Holdings Inc. Common Stock,$2.18,0.09,4.306%,107907114.00,United States,,1054630,Capital Goods,Industrial Machinery/Components
DSS,Document Security Systems Inc. Common Stock,$2.86,0.09,3.249%,79136558.00,United States,,216548,Consumer Durables,Containers/Packaging
DXF,Dunxin Financial Holdings Limited American Depositary Shares,$1.44,0.025,1.767%,30059811.00,China,,56546,Finance,Finance: Consumer Services
DXR,Daxor Corporation Common Stock,$10.08,-0.26,-2.515%,40661480.00,United States,,1343,Health Care,Medical/Dental Instruments
EAD,Wells Fargo Income Opportunities Fund Common Shares,$8.48,0.01,0.118%,513771095.00,United States,2003,58155,,
ECF,Ellsworth Growth and Income Fund Ltd.,$14.0899,0.0699,0.499%,190206013.00,United States,1986,3822,,
ECF^A,Ellsworth Growth and Income Fund Ltd. 5.25% Series A Cumulative Preferred Shares (Liquidation Preference $25.00 per share),$25.90,-0.0456,-0.176%,,United States,,1183,,
EIM,Eaton Vance Municipal Bond Fund Common Shares of Beneficial Interest $.01 par value,$13.50,0.02,0.148%,971367984.00,United States,2002,42249,,
ELA,Envela Corporation Common Stock,$4.118,0.138,3.467%,110874601.00,United States,,11398,Consumer Services,Consumer Specialties
ELLO,Ellomay Capital Ltd Ordinary Shares (Israel),$29.99,-0.14,-0.465%,385054416.00,Israel,,2969,Public Utilities,Electric Utilities: Central
ELMD,Electromed Inc. Common Stock,$10.365,0.265,2.624%,89502241.00,United States,2011,11444,Health Care,Biotechnology: Electromedical & Electrotherapeutic Apparatus
EMAN,eMagin Corporation Common Stock,$2.54,0.10,4.098%,180642725.00,United States,,189808,Technology,Semiconductors
EMX,EMX Royalty Corporation Common Shares (Canada),$3.13,0.11,3.642%,266034031.00,Canada,,23520,Basic Industries,Precious Metals
ENSV,Enservco Corporation Common Stock,$1.27,0.01,0.794%,14310291.00,United States,,86540,Energy,Oilfield Services/Equipment
ENX,Eaton Vance New York Municipal Bond Fund Common Shares of Beneficial Interest $.01 par value,$12.36,0.00,0.00%,223942114.00,United States,2002,7325,,
EPM,Evolution Petroleum Corporation Inc. Common Stock,$3.15,0.02,0.639%,105495233.00,United States,,29873,Energy,Oil & Gas Production
EQX,Equinox Gold Corp. Common Shares,$9.04,0.30,3.432%,2691348943.00,Canada,,682196,Basic Industries,Precious Metals
ERC,Wells Fargo Multi-Sector Income Fund Common Stock no par value,$12.53,0.07,0.562%,352495063.00,United States,2003,17280,,
ERH,Wells Fargo Utilities and High Income Fund,$13.50,0.00,0.00%,125213378.00,,2004,439,,
ESP,Espey Mfg. & Electronics Corp. Common Stock,$16.19,0.00,0.00%,43755628.00,United States,,78,Capital Goods,Industrial Machinery/Components
EVBN,Evans Bancorp Inc. Common Stock,$35.48,-0.10,-0.281%,192620672.00,United States,,5365,Finance,Major Banks
EVI,EVI Industries Inc.  Common Stock,$25.6587,-1.1913,-4.437%,314354715.00,United States,,713,Consumer Services,Other Consumer Services
EVM,Eaton Vance California Municipal Bond Fund Common Shares of Beneficial Interest $.01 par value,$11.73,0.04,0.342%,293183596.00,United States,2002,3897,,
EVV,Eaton Vance Limited Duration Income Fund Common Shares of Beneficial Interest,$12.67,0.04,0.317%,1471582718.00,United States,2003,84216,,
EVY,Eaton Vance New York Municipal Income Trust Shares of Beneficial Interest,$14.75,-0.12,-0.807%,79676963.00,United States,1999,4105,,
EXN,Excellon Resources Inc. Common Shares,$3.00,0.24,8.696%,97116342.00,,2020,7263,Basic Industries,Precious Metals
FAX,Aberdeen Asia-Pacific Income Fund Inc Common Stock,$4.32,0.04,0.935%,1070045718.00,United States,1986,216774,,
FCO,Aberdeen Global Income Fund Inc. Common Stock,$8.6559,0.0059,0.068%,75620643.00,United States,1992,5465,,
FEN,First Trust Energy Income and Growth Fund,$14.06,0.06,0.429%,273404714.00,United States,2004,7062,,
FRD,Friedman Industries Inc. Common Stock,$8.3485,0.4085,5.145%,57653480.00,United States,,1680,Capital Goods,Steel/Iron Ore
FSI,Flexible Solutions International Inc. Common Stock (CDA),$3.10,-0.16,-4.908%,38168890.00,Canada,,18554,Basic Industries,Major Chemicals
FSP,Franklin Street Properties Corp. Common Stock,$5.60,0.06,1.083%,601037914.00,United States,,17617,Consumer Services,Real Estate Investment Trusts
FTF,Franklin Limited Duration Income Trust Common Shares of Beneficial Interest,$9.19,0.04,0.437%,276975894.00,United States,2003,15435,,
FTSI,FTS International Inc. Class A Common Stock,$21.92,0.29,1.341%,306660142.00,United States,2020,7362,Energy,Oilfield Services/Equipment
FURY,Fury Gold Mines Limited Common Shares,$1.3078,0.0678,5.468%,154104155.00,,2020,78608,Basic Industries,Precious Metals
GAU,Galiano Gold Inc.,$1.22,0.03,2.521%,273967131.00,Canada,,478903,Basic Industries,Mining & Quarrying of Nonmetallic Minerals (No Fuels)
GBR,New Concept Energy Inc Common Stock,$4.05,0.24,6.299%,20784333.00,United States,,467873,Energy,Oil & Gas Production
GDP,Goodrich Petroleum Corporation Common Stock,$9.66,0.00,0.00%,129466131.00,United States,2017,4031,Energy,Oil & Gas Production
GGN,GAMCO Global Gold Natural Resources & Income Trust,$3.65,0.02,0.551%,562027493.00,United States,2005,385651,,
GGN^B,GAMCO Global Gold Natural Reources & Income Trust 5.00% Series B Cumulative 25.00 Liquidation Preference,$25.39,0.00,0.00%,,United States,,23,,
GGO,The Gabelli Go Anywhere Trust Common Shares of Beneficial Interest,$13.92,0.00,0.00%,21533572.00,,2016,98,,
GLDG,GoldMining Inc. Common Shares,$1.755,0.155,9.688%,262392472.00,,,404048,Basic Industries,Precious Metals
GLO,Clough Global Opportunities Fund Common Stock,$12.77,0.05,0.393%,411505741.00,United States,2006,34291,,
GLQ,Clough Global Equity Fund Clough Global Equity Fund Common Shares of Beneficial Interest,$15.63,0.05,0.321%,206797857.00,United States,2005,32787,,
GLU,Gabelli Global Utility Common Shares of Beneficial Ownership,$19.95,0.05,0.251%,107202881.00,United States,2004,2884,,
GLU^B,The Gabelli Global Utility and Income Trust Series B Cumulative Puttable and Callable Preferred Shares,$52.065,-0.085,-0.163%,,United States,,1000,,
GLV,Clough Global Dividend and Income Fund Common Shares of beneficial interest,$11.7307,-0.0193,-0.164%,98628488.00,United States,2004,17469,,
GOED,1847 Goedeker Inc. Commom Stock,$6.737,0.057,0.853%,41171154.00,United States,2020,2745,Consumer Services,Home Furnishings
GORO,Gold Resource Corporation Common Stock,$2.9676,0.0476,1.63%,220905785.00,United States,,232519,Basic Industries,Precious Metals
GPL,Great Panther Mining Limited Ordinary Shares (Canada),$0.8042,0.0142,1.797%,285547626.00,Canada,,442761,Basic Industries,Precious Metals
GRF,Eagle Capital Growth Fund Inc. Common Stock,$8.58,-0.01,-0.116%,34957674.00,United States,,100,,
GROY,Gold Royalty Corp. Common Shares,$4.73,0.1765,3.876%,193102250.00,,2021,34382,Basic Industries,Precious Metals
GSAT,Globalstar Inc. Common Stock,$0.8622,-0.007,-0.805%,1450338963.00,United States,2006,2435659,Consumer Services,Telecommunications Equipment
GSS,Golden Star Resources Ltd Common Stock,$3.6409,0.1509,4.324%,405281668.00,United States,,227302,Basic Industries,Precious Metals
GSV,Gold Standard Ventures Corporation Common Stock (Canada),$0.5674,0.0109,1.959%,202831999.00,Canada,,119039,Basic Industries,Mining & Quarrying of Nonmetallic Minerals (No Fuels)
GTE,Gran Tierra Energy Inc. Common Stock,$0.5873,0.0094,1.627%,215528268.00,Canada,,1214789,Energy,Oil & Gas Production
HLM^,Hillman Group Capital Trust Preferred Stock,$26.36,0.07,0.266%,,United States,,1354,,
HMG,HMG/Courtland Properties Inc. Common Stock,$11.80,0.0168,0.143%,11885526.00,United States,,488,Consumer Services,Real Estate Investment Trusts
HNW,Pioneer Diversified High Income Trust Pioneer Diversified High Income Trust Common Shares of Beneficial Interest,$14.98,0.04,0.268%,124825194.00,United States,2007,18887,,
HUSA,Houston American Energy Corporation Common Stock,$1.51,0.05,3.425%,14984240.00,United States,,73864,Energy,Oil & Gas Production
HWM^,Howmet Aerospace Inc. $3.75 Preferred Stock,$75.00,-0.34,-0.451%,,United States,,1100,,
IAF,Aberdeen Australia Equity Fund Inc Common Stock,$6.20,0.06,0.977%,144485364.00,United States,,8457,,
IBIO,iBio Inc. Common Stock,$1.3192,0.0892,7.252%,284960301.00,United States,,741374,Health Care,Major Pharmaceuticals
ID,PARTS iD Inc. Class A Common Stock,$7.31,0.24,3.395%,240304971.00,United States,2017,7040,Technology,Advertising
IGC,India Globalization Capital Inc. Common Stock,$1.4506,0.0406,2.879%,65808388.00,United States,,179188,Technology,Electronic Components
IHT,InnSuites Hospitality Trust Shares of Beneficial Interest,$2.0003,-0.0397,-1.946%,18129747.00,United States,,1165,Consumer Services,Real Estate Investment Trusts
IMH,Impac Mortgage Holdings Inc. Common Stock ,$2.20,0.06,2.804%,46920905.00,United States,1997,11789,Consumer Services,Real Estate Investment Trusts
IMO,Imperial Oil Limited Common Stock,$25.15,0.33,1.33%,18462030388.00,Canada,,56593,Energy,Integrated oil Companies
INDO,Indonesia Energy Corporation Limited Ordinary Shares,$5.44,0.17,3.226%,40299275.00,,2019,313,Energy,Oil & Gas Production
INFU,InfuSystems Holdings Inc. Common Stock,$21.64,-0.04,-0.185%,440543874.00,United States,,12833,Health Care,Medical/Dental Instruments
INS,Intelligent Systems Corporation Common Stock,$38.09,-0.18,-0.47%,338328712.00,United States,1992,20206,Technology,Computer Software: Prepackaged Software
INTT,inTest Corporation Common Stock,$11.2078,1.6678,17.482%,119957711.00,United States,1997,789782,Capital Goods,Electrical Products
INUV,Inuvo Inc.,$0.7298,0.0198,2.789%,86493126.00,United States,,590946,Consumer Services,Advertising
IOR,Income Opportunity Realty Investors Inc. Common Stock,$11.9587,0.00,0.00%,49848813.00,United States,,10,Consumer Services,Real Estate Investment Trusts
ISDR,Issuer Direct Corporation Common Stock,$24.97,0.17,0.685%,94161920.00,United States,,8063,Miscellaneous,Publishing
ISR,IsoRay Inc. Common Stock (DE),$0.8391,0.0162,1.969%,118480797.00,United States,,248929,Health Care,Medical/Dental Instruments
ITP,IT Tech Packaging Inc. Common Stock,$0.5044,0.0145,2.96%,57308583.00,China,,930000,Consumer Durables,Containers/Packaging
ITRG,Integra Resources Corp. Common Shares,$3.0501,-0.0299,-0.971%,167136055.00,,,12215,Basic Industries,Precious Metals
JOB,GEE Group Inc. Common Stock,$0.6265,0.0465,8.017%,11068453.00,United States,,15892499,Technology,Diversified Commercial Services
KIQ,Kelso Technologies Inc Ordinary Shares,$0.7254,0.0203,2.879%,39294980.00,Canada,,385714,Capital Goods,Railroads
KLR,Kaleyra Inc. Common Stock,$13.9811,0.3811,2.802%,423469162.00,United States,2018,56802,Technology,EDP Services
LCTX,Lineage Cell Therapeutics Inc. Common Stock,$2.33,0.05,2.193%,349456539.00,United States,,235171,Health Care,Biotechnology: Biological Products (No Diagnostic Substances)
LEU,Centrus Energy Corp. Class A Common Stock,$21.60,0.95,4.60%,289005322.00,United States,2014,17856,Basic Industries,Mining & Quarrying of Nonmetallic Minerals (No Fuels)
LGL,LGL Group Inc. (The) Common Stock,$10.665,0.145,1.378%,56822757.00,United States,,4910,Capital Goods,Industrial Machinery/Components
LNG,Cheniere Energy Inc. Common Stock,$73.43,0.21,0.287%,18615018863.00,United States,,106352,Public Utilities,Oil/Gas Transmission
LODE,Comstock Mining Inc. Common Stock,$3.77,0.20,5.602%,160057292.00,United States,,287458,Basic Industries,Precious Metals
LOV,Spark Networks Inc. American Depositary Shares (each representing one-tenth of an Ordinary Share),$7.10,0.00,0.00%,185003919.00,United States,2017,11412,Consumer Services,Other Consumer Services
LSF,Laird Superfood Inc. Common Stock,$34.25,0.00,0.00%,304665806.00,,2020,4843,Consumer Non-Durables,Packaged Foods
LXFR,Luxfer Holdings PLC Ordinary Shares,$20.84,0.43,2.107%,575937429.00,United Kingdom,2012,2701,Basic Industries,Major Chemicals
MAG,MAG Silver Corporation Ordinary Shares,$18.12,0.56,3.189%,1716748270.00,Canada,,166084,Basic Industries,Precious Metals
MCF,Contango Oil & Gas Company Common Stock (TX),$3.54,-0.02,-0.562%,704980309.00,United States,,195731,Energy,Oil & Gas Production
MHH,Mastech Digital Inc Common Stock,$16.94,0.11,0.654%,193509211.00,United States,,2005,Consumer Services,Professional Services
MLSS,Milestone Scientific Inc. Common Stock,$2.43,0.07,2.966%,161737277.00,United States,2015,103697,Health Care,Industrial Specialties
MMX,Maverix Metals Inc. Common Shares,$5.95,0.09,1.536%,838996481.00,,,20749,Basic Industries,Precious Metals
MSN,Emerson Radio Corporation Common Stock,$1.1245,-0.0155,-1.36%,23662462.00,United States,,4556,Consumer Non-Durables,Consumer Electronics/Appliances
MTA,Metalla Royalty & Streaming Ltd. Common Shares,$9.58,0.33,3.568%,399801000.00,,,111855,Basic Industries,Precious Metals
MTNB,Matinas Biopharma Holdings Inc. Common Stock,$0.8529,0.0029,0.341%,174227352.00,United States,2017,206493,Health Care,Major Pharmaceuticals
MXC,Mexco Energy Corporation Common Stock,$7.18,0.28,4.058%,14874562.00,United States,,5394,Energy,Oil & Gas Production
MYO,Myomo Inc. Common Stock,$10.21,0.18,1.795%,57001103.00,United States,2017,3869,Health Care,Industrial Specialties
NAK,Northern Dynasty Minerals Ltd. Common Stock,$0.5628,0.0187,3.437%,288598323.00,Canada,,1405269,Basic Industries,Precious Metals
NAVB,Navidea Biopharmaceuticals Inc. Common Stock,$1.56,0.01,0.645%,44564985.00,United States,,13443,Health Care,Biotechnology: In Vitro & In Vivo Diagnostic Substances
NBA,New Beginnings Acquisition Corp. Common Stock,$9.96,0.00,0.00%,148603200.00,,2020,1283,Finance,Business Services
NBH,Neuberger Berman Municipal Fund Inc. Common Stock,$16.51,0.24,1.475%,310686765.00,United States,2002,6963,,
NBO,Neuberger Berman New York Municipal Fund Inc. Common Stock,$12.585,-0.045,-0.356%,63899293.00,United States,2002,4555,,
NBW,Neuberger Berman California Municipal Fund Inc Common Stock,$13.975,0.025,0.179%,77575840.00,United States,2002,631,,
NBY,NovaBay Pharmaceuticals Inc. Common Stock,$0.7301,-0.0099,-1.338%,30505465.00,United States,2007,244639,Health Care,Major Pharmaceuticals
NEN,New England Realty Associates Limited Partnership Class A Depositary Receipts Evidencing Units of Limited Partnership,$57.88,0.00,0.00%,211418044.00,United States,,6,Consumer Services,Building operators
NES,Nuverra Environmental Solutions Inc. Common Stock,$1.95,0.00,0.00%,31204824.00,United States,2017,36,Energy,Oilfield Services/Equipment
NG,Novagold Resources Inc.,$9.77,0.14,1.454%,3237105668.00,Canada,,250052,Basic Industries,Precious Metals
NGD,New Gold Inc.,$1.8099,0.0499,2.835%,1225082935.00,Canada,,2257419,Basic Industries,Precious Metals
NHC,National HealthCare Corporation Common Stock,$73.25,1.13,1.567%,1126532626.00,United States,,1927,Health Care,Hospital/Nursing Management
NHS,Neuberger Berman High Yield Strategies Fund,$12.7085,0.0685,0.542%,248331524.00,United States,,15024,,
NML,Neuberger Berman MLP and Energy Income Fund Inc. Common Stock,$4.30,0.04,0.939%,243633390.00,,2013,14805,,
NNVC,NanoViricides Inc. Common Stock,$4.08,0.18,4.615%,43562160.00,United States,,9334,Health Care,Major Pharmaceuticals
NOG,Northern Oil and Gas Inc. Common Stock,$12.43,0.16,1.304%,750294029.00,United States,,76049,,
NRO,Neuberger Berman Real Estate Securities Income Fund Inc. Neuberger Berman Real Estate Securities Income Fund Inc.,$4.71,0.03,0.641%,223350089.00,United States,2003,23794,,
NSPR,InspireMD Inc. Common Stock,$0.4358,0.0208,5.012%,51333695.00,Israel,,1292379,Health Care,Medical/Dental Instruments
NTIP,Network-1 Technologies Inc. Common Stock,$3.30,0.01,0.304%,79586526.00,United States,,5484,Miscellaneous,Multi-Sector Companies
NXE,Nexgen Energy Ltd. Common Shares,$3.715,0.065,1.781%,1743575509.00,,,564425,Basic Industries,Precious Metals
OGEN,Oragenics Inc. Common Stock,$0.678,0.0202,3.071%,74340069.00,United States,,624199,Health Care,Major Pharmaceuticals
ORLA,Orla Mining Ltd. Common Shares,$4.03,0.19,4.948%,957878711.00,,2020,84950,Basic Industries,Precious Metals
PCG^A,Pacific Gas & Electric Co. 6% Preferred Stock,$29.35,-0.15,-0.508%,,United States,,506,,
PCG^B,Pacific Gas & Electric Co. 5 1/2% Preferred Stock,$26.75,0.04,0.15%,,United States,,360,,
PCG^C,Pacific Gas & Electric Co. 5% 1st Preferred Stock,$24.80,0.00,0.00%,,United States,,26,,
PCG^D,Pacific Gas & Electric Co. 5% 1st  Red. Preferred Stock,$24.50,-0.0001,0.00%,,United States,,267,,
PCG^E,Pacific Gas & Electric Co. 5% 1st A Preferred Stock,$24.85,0.06,0.242%,,United States,,440,,
PCG^H,Pacific Gas & Electric Co. 4.50% 1st Preferred Stock,$22.64,0.00,0.00%,,United States,,50,,
PED,Pedevco Corp. Common Stock,$1.148,0.038,3.423%,91198960.00,United States,,30192,Energy,Oil & Gas Production
PHGE,BiomX Inc. COmmon Stock,$6.22,-0.06,-0.955%,150810182.00,,2019,867,Health Care,Biotechnology: Biological Products (No Diagnostic Substances)
PLAG,Planet Green Holdings Corp. Common Stock,$2.15,-0.25,-10.417%,43021350.00,China,,68330,Consumer Non-Durables,Packaged Foods
PLG,Platinum Group Metals Ltd. Ordinary Shares (Canada),$4.55,0.29,6.808%,336508509.00,Canada,,228672,Basic Industries,Precious Metals
PLM,Polymet Mining Corporation Ordinary Shares (Canada),$2.7801,0.0501,1.835%,280049976.00,Canada,,39236,Basic Industries,Precious Metals
PLX,Protalix BioTherapeutics Inc. (DE) Common Stock,$5.63,0.13,2.364%,255505339.00,Israel,,135820,Health Care,Biotechnology: Biological Products (No Diagnostic Substances)
PRK,Park National Corporation Common Stock,$125.00,2.13,1.734%,2039192500.00,United States,,3197,Finance,Major Banks
PTK,PTK Acquisition Corp. Common Stock,$9.97,0.02,0.201%,143318750.00,United States,2020,1368,Finance,Business Services
PTN,Palatin Technologies Inc. Common Stock,$0.5576,0.0042,0.759%,128267130.00,United States,,527406,Health Care,Major Pharmaceuticals
PW,Power REIT (MD) Common Stock,$41.90,0.67,1.625%,138237863.00,United States,,7768,Consumer Services,Real Estate Investment Trusts
PW^A,Power REIT 7.75% Series A Cumulative Perpetual Preferred Stock,$26.398,-0.092,-0.347%,,United States,,210,,
PZG,Paramount Gold Nevada Corp. Common Stock,$1.06,0.01,0.952%,38400139.00,United States,2015,21137,Basic Industries,Precious Metals
RCG,RENN Fund Inc Common Stock,$2.55,0.01,0.394%,15177488.00,United States,,1740,,
REI,Ring Energy Inc. Common Stock,$1.99,0.01,0.505%,197371358.00,United States,,910158,Energy,Oil & Gas Production
REPX,Riley Exploration Permian Inc. Common Stock,$24.86,0.61,2.515%,448015037.00,United States,,23946,Energy,Oil & Gas Production
RHE,Regional Health Properties Inc. Common Stock,$4.13,0.21,5.357%,6972344.00,,2017,14400,Consumer Services,Real Estate
RHE^A,Regional Health Properties Inc. 10.875% Series A Cumulative Redeemable Preferred Stock,$2.96,0.06,2.069%,,,,226,,
RLGT,Radiant Logistics Inc. Common Stock,$6.72,0.00,0.00%,335781862.00,United States,,6557,Transportation,Oil Refining/Marketing
RMED,Ra Medical Systems Inc. Common Stock,$3.905,0.195,5.256%,12727723.00,,2018,117602,Health Care,Medical/Dental Instruments
RVP,Retractable Technologies Inc. Common Stock,$9.995,0.015,0.15%,339656127.00,United States,,181979,Health Care,Medical/Dental Instruments
SACC,Sachem Capital Corp. 6.875% Notes due 2024,$25.20,-0.01,-0.04%,0.00,United States,2019,246,Consumer Services,Real Estate Investment Trusts
SACH,Sachem Capital Corp. Common Shares,$5.03,0.01,0.199%,112210593.00,United States,2017,30673,Consumer Services,Real Estate Investment Trusts
SCCB,Sachem Capital Corp. 7.125% Notes due 2024,$25.54,-0.29,-1.123%,0.00,United States,2019,203,Consumer Services,Real Estate Investment Trusts
SCCC,Sachem Capital Corp. 7.75% Notes due 2025,$25.66,0.02,0.078%,0.00,United States,2020,560,Consumer Services,Real Estate Investment Trusts
SDPI,Superior Drilling Products Inc. Common Stock,$0.7531,0.0081,1.087%,19401620.00,,2014,24442,Energy,Metal Fabrications
SEB,Seaboard Corporation Common Stock,$3685.00,-62.99,-1.681%,4277470615.00,United States,1996,265,Consumer Services,Farming/Seeds/Milling
SENS,Senseonics Holdings Inc. Common Stock,$1.94,0.17,9.605%,830155069.00,United States,,7671870,Capital Goods,Industrial Machinery/Components
SIF,SIFCO Industries Inc. Common Stock,$14.30,-0.08,-0.556%,85216975.00,United States,,1924,Capital Goods,Aerospace
SILV,SilverCrest Metals Inc. Common Shares,$9.19,0.20,2.225%,1327568689.00,,2018,204891,Basic Industries,Precious Metals
SIM,Grupo Simec S.A.B. de C.V. American Depositary Shares,$13.845,0.00,0.00%,2296928018.00,Mexico,1993,2,Basic Industries,Steel/Iron Ore
SMTS,Sierra Metals Inc. Common Stock,$3.1901,0.3701,13.124%,519381945.00,,,2382279,Basic Industries,Precious Metals
SNMP,Evolve Transition Infrastructure LP Common Stock,$0.71,0.0198,2.869%,39891618.00,United States,,63690,Energy,Oil & Gas Production
SSY,SunLink Health Systems Inc. Common Stock,$2.09,0.08,3.98%,14419581.00,United States,,57122,Health Care,Hospital/Nursing Management
STXS,Stereotaxis Inc. Common Stock,$7.76,0.08,1.042%,574864517.00,United States,,70512,Health Care,Biotechnology: Electromedical & Electrotherapeutic Apparatus
SVM,Silvercorp Metals Inc. Common Shares,$5.6481,0.1581,2.88%,990440717.00,,,256291,Basic Industries,Precious Metals
SVT,Servotronics Inc. Common Stock,$7.671,0.00,0.00%,19012627.00,United States,,31,Capital Goods,Industrial Machinery/Components
SYN,Synthetic Biologics Inc. Common Stock,$0.513,0.016,3.219%,66512797.00,United States,,1117596,Health Care,Major Pharmaceuticals
TGB,Taseko Mines Ltd. Common Stock,$1.895,0.065,3.552%,536506760.00,Canada,,1355563,Basic Industries,Precious Metals
THM,International Tower Hill Mines Ltd. Ordinary Shares (Canada),$1.09,0.04,3.81%,212449921.00,Canada,,30809,Basic Industries,Precious Metals
TKAT,Takung Art Co. Ltd. Common Stock,$18.9615,-0.0885,-0.465%,213722253.00,,,209736,Consumer Services,Other Specialty Stores
TMBR,Timber Pharmaceuticals Inc. Common Stock,$1.3501,0.1101,8.879%,49741795.00,United States,2015,1020822,Health Care,Major Pharmaceuticals
TMP,Tompkins Financial Corporation Common Stock,$77.72,0.82,1.066%,1158550589.00,United States,,1581,Finance,Major Banks
TMQ,Trilogy Metals Inc. Common Stock,$2.33,0.03,1.304%,336202163.00,Canada,,40863,Basic Industries,Precious Metals
TPHS,Trinity Place Holdings Inc. Common Stock,$2.04,-0.01,-0.488%,66182975.00,,,232,Consumer Services,Building operators
TRT,Trio-Tech International Common Stock,$4.38,0.00,0.00%,16252231.00,United States,,28,Technology,Industrial Machinery/Components
TRX,Tanzanian Gold Corporation Common Stock,$0.5595,0.0046,0.829%,142600076.00,Canada,,371407,Basic Industries,Precious Metals
UAMY,United States Antimony Corporation Common Stock,$0.8664,0.0162,1.905%,89066007.00,United States,,1083850,Capital Goods,Metal Fabrications
UAVS,AgEagle Aerial Systems Inc. Common Stock,$5.03,0.14,2.863%,314303649.00,United States,,774405,Capital Goods,Aerospace
UEC,Uranium Energy Corp. Common Stock,$2.7485,0.1585,6.12%,633594508.00,Canada,,1318490,Basic Industries,Precious Metals
UFAB,Unique Fabricating Inc. Common Stock,$4.08,-0.97,-19.208%,39898920.00,United States,2015,53398,Capital Goods,Auto Parts:O.E.M.
URG,Ur Energy Inc Common Shares (Canada),$1.07,0.05,4.902%,202092291.00,Canada,,354483,Basic Industries,Precious Metals
USAS,Americas Gold and Silver Corporation Common Shares no par value,$2.2793,0.0793,3.605%,303241379.00,,2017,241265,Basic Industries,Precious Metals
UTG,Reaves Utility Income Fund Common Shares of Beneficial Interest,$35.03,0.19,0.545%,1951063808.00,United States,2004,47395,,
UUU,Universal Security Instruments Inc. Common Stock,$5.3438,0.1338,2.568%,12359606.00,United States,,51315,Technology,Electronic Components
UUUU,Energy Fuels Inc Ordinary Shares (Canada),$5.4858,0.2558,4.891%,778446809.00,,,1426271,Basic Industries,Mining & Quarrying of Nonmetallic Minerals (No Fuels)
VCF,Delaware Investments Colorado Municipal Income Fund Inc  Common Stock,$14.43,-0.07,-0.483%,69799353.00,United States,1993,3681,,
VFL,Delaware Investments National Municipal Income Fund Common Stock,$13.64,0.00,0.00%,61767963.00,United States,1993,96,,
VGZ,Vista Gold Corp Common Stock,$1.1455,0.0356,3.207%,118901666.00,United States,,143003,Basic Industries,Precious Metals
VHAQ,Viveon Health Acquisition Corp. Common Stock,$9.90,-0.03,-0.302%,249046875.00,,2021,7697,Finance,Business Services
VKI,Invesco Advantage Municipal Income Trust II Common Shares of Beneficial Interest (DE),$12.0785,-0.0015,-0.012%,536183349.00,United States,,8599,,
VMM,Delaware Investments Minnesota Municipal Income Fund II Inc. Common Stock,$13.43,0.00,0.00%,154511814.00,United States,1993,1,,
VNRX,VolitionRX Limited Common Stock,$3.335,0.175,5.538%,176324475.00,Singapore,2015,39677,Health Care,Biotechnology: In Vitro & In Vivo Diagnostic Substances
VOLT,Volt Information Sciences Inc. Common Stock,$3.93,0.13,3.421%,85424740.00,United States,,25513,Technology,Professional Services
WLMS,Williams Industrial Services Group Inc. Common Stock,$4.2662,0.5462,14.683%,109145245.00,,2021,1605018,Basic Industries,Military/Government/Technical
WRN,Western Copper and Gold Corporation Common Stock,$1.3378,0.0478,3.705%,181670076.00,Canada,2011,117278,Basic Industries,Precious Metals
WTT,Wireless Telecom Group  Inc. Common Stock,$1.71,-0.01,-0.581%,37039144.00,United States,,4032,Capital Goods,Telecommunications Equipment
WWR,Westwater Resources Inc. Common Stock,$4.28,0.23,5.679%,138399428.00,United States,,587646,Basic Industries,Precious Metals
WYY,WidePoint Corporation Common Stock,$8.91,0.06,0.678%,80142786.00,United States,,5945,Technology,EDP Services
XPL,Solitario Zinc Corp. Common Stock,$0.6623,0.0423,6.823%,38664489.00,United States,,263528,Basic Industries,Precious Metals
XTNT,Xtant Medical Holdings Inc. Common Stock,$1.90,0.06,3.261%,164743843.00,United States,,67631,Health Care,Biotechnology: Biological Products (No Diagnostic Substances)
XXII,22nd Century Group Inc. Common Stock,$4.00,0.26,6.952%,609590004.00,United States,,3060304,Consumer Non-Durables,Farming/Seeds/Milling
YCBD,cbdMD Inc. Common Stock,$3.47,0.16,4.834%,193055647.00,United States,2017,76867,Consumer Non-Durables,Package Goods/Cosmetics
YCBD^A,cbdMD Inc. 8.0% Series A Cumulative Convertible Preferred Stock,$8.815,0.02,0.227%,,United States,,3125,,
ZDGE,Zedge Inc. Class B Common Stock ,$12.39,0.26,2.143%,167657775.00,,2016,82124,Technology,Computer Software: Prepackaged Software
ZOM,Zomedica Corp. Common Shares,$0.808,0.0477,6.274%,785389985.00,United States,2017,23382866,Health Care,Major Pharmaceuticals
