created_utc,all_awardings,associated_award,author,author_flair_background_color,author_flair_css_class,author_flair_template_id,author_flair_text,author_flair_text_color,awarders,body,collapsed_because_crowd_control,comment_type,gildings,id,is_submitter,link_id,locked,no_follow,parent_id,permalink,retrieved_on,score,send_replies,stickied,subreddit,subreddit_id,top_awarded_type,total_awards_received,treatment_tags,author_flair_richtext,author_flair_type,author_fullname,author_patreon_flair,author_premium
1619063967,[],,GEICO1000,,,,,,[],Okie! Seat on the sidelines and watch!!! üòé,,,{},gveoyis,True,t3_mvwb0b,False,False,t1_gveog6a,/r/wallstreetbets/comments/mvwb0b/viac_taking_off_rocket_dont_miss_it_out_before/gveoyis/,1619081454,3,True,False,wallstreetbets,t5_2th52,,0,[],[],text,t2_a0hphnm1,False,False
1619063969,[],,TheTigersAreNotReal,,,,,,[],Because the sub grew by 5x during the GME craze and none of those retards knew the culture.,,,{},gveoymh,False,t3_mvo1tm,False,False,t1_gveoc0s,/r/wallstreetbets/comments/mvo1tm/what_are_your_moves_tomorrow_april_22_2021/gveoymh/,1619081455,4,True,False,wallstreetbets,t5_2th52,,0,[],[],text,t2_b3ow4,False,False
1619063969,[],,novydoo,,,,,,[],"I want to open three trading accounts:  one month for each - microdosing, stoned and drunk separately and see which does best",,,{},gveoym1,False,t3_mvo1tm,False,False,t3_mvo1tm,/r/wallstreetbets/comments/mvo1tm/what_are_your_moves_tomorrow_april_22_2021/gveoym1/,1619081455,6,True,False,wallstreetbets,t5_2th52,,0,[],[],text,t2_259qrq3,False,False
1619063971,[],,PaxAmericana2,,,,,,[],Desparation: The Comment,,,{},gveoyrw,False,t3_mvo1tm,False,False,t1_gveouvs,/r/wallstreetbets/comments/mvo1tm/what_are_your_moves_tomorrow_april_22_2021/gveoyrw/,1619081458,8,True,False,wallstreetbets,t5_2th52,,0,[],[],text,t2_3lbdczdr,False,True
1619063973,[],,browhodouknowhere,,,,,,[],Who you calling a tard!,,,{},gveoyv9,False,t3_mvo1tm,False,True,t1_gveotbt,/r/wallstreetbets/comments/mvo1tm/what_are_your_moves_tomorrow_april_22_2021/gveoyv9/,1619081459,1,True,False,wallstreetbets,t5_2th52,,0,[],[],text,t2_8geh9,False,False
1619063974,[],,innocuousspeculation,,,,,,[],Office Space,,,{},gveoyx8,False,t3_mvuaei,False,False,t1_gveovvy,/r/wallstreetbets/comments/mvuaei/what_would_you_say_you_do_here/gveoyx8/,1619081460,22,True,False,wallstreetbets,t5_2th52,,0,[],[],text,t2_4g0g1,False,False
1619063975,[],,SLOPTART69,#dadada,,78806c26-46a2-11e9-82c1-0ee7a9b74720,ü¶ãü¶ãü¶ã on my üçÜ,dark,[],!remind me 347 years,,,{},gveoz10,False,t3_mvo1tm,False,False,t1_gveouvs,/r/wallstreetbets/comments/mvo1tm/what_are_your_moves_tomorrow_april_22_2021/gveoz10/,1619081461,7,True,False,wallstreetbets,t5_2th52,,0,[],"[{'e': 'text', 't': 'ü¶ãü¶ãü¶ã on my üçÜ'}]",richtext,t2_y42ox,False,True
1619063976,[],,SeekingHentai,#dadada,,78806c26-46a2-11e9-82c1-0ee7a9b74720,Sucks on Darkbyte‚Äôs Big Toeü¶∂,dark,[],Floppy makes the DANKEST memes ü•µ,,,{},gveoz2t,False,t3_mrzztb,False,True,t1_gveorz2,/r/wallstreetbets/comments/mrzztb/unpinned_daily_discussion_thread_for_april_16_2021/gveoz2t/,1619081462,3,True,False,wallstreetbets,t5_2th52,,0,[],"[{'e': 'text', 't': 'Sucks on Darkbyte‚Äôs Big Toeü¶∂'}]",richtext,t2_acykwfy3,False,True
1619063976,[],,[deleted],,,,,dark,[],[removed],,,{},gveoz3g,False,t3_mvwmix,False,True,t3_mvwmix,/r/wallstreetbets/comments/mvwmix/stock_market_is_it_really_easy_money/gveoz3g/,1619081462,1,True,False,wallstreetbets,t5_2th52,,0,[],,,,,
1619063979,[],,Why_Pulakundi_thanav,,,,,,[],Office Space,,,{},gveoz9f,False,t3_mvuaei,False,False,t1_gveovvy,/r/wallstreetbets/comments/mvuaei/what_would_you_say_you_do_here/gveoz9f/,1619081465,12,True,False,wallstreetbets,t5_2th52,,0,[],[],text,t2_75s4zyyg,False,False
1619063981,[],,WallStreetBets_,,,,,,[],So when is PLTR gonna moon again?,,,{},gveozd5,False,t3_mvo1tm,False,False,t3_mvo1tm,/r/wallstreetbets/comments/mvo1tm/what_are_your_moves_tomorrow_april_22_2021/gveozd5/,1619081466,7,True,False,wallstreetbets,t5_2th52,,0,[],[],text,t2_797vb47f,False,False
1619063983,[],,[deleted],,,,,dark,[],[removed],,,{},gveozgw,False,t3_mvuaei,False,True,t3_mvuaei,/r/wallstreetbets/comments/mvuaei/what_would_you_say_you_do_here/gveozgw/,1619081467,1,True,False,wallstreetbets,t5_2th52,,0,[],,,,,
1619063987,[],,retirement_savings,,,,,,[],It's an excellent documentary,,,{},gveozo9,False,t3_mvuaei,False,False,t1_gveh38e,/r/wallstreetbets/comments/mvuaei/what_would_you_say_you_do_here/gveozo9/,1619081470,48,True,False,wallstreetbets,t5_2th52,,0,[],[],text,t2_adzzbj01,False,False
1619063987,[],,InformalBathroom4,,,,,,[],This guys got a big mouth,,,{},gveozom,True,t3_mvwtp1,False,True,t3_mvwtp1,/r/wallstreetbets/comments/mvwtp1/feb18_interactive_brokers_group_inc_chairman/gveozom/,1619081470,1,True,False,wallstreetbets,t5_2th52,,0,[],[],text,t2_6m65ictm,False,False
1619063987,[],,Disastrous_Finance45,,,,,,[],Haha,,,{},gveozoy,False,t3_mvo1tm,False,True,t1_gveobrt,/r/wallstreetbets/comments/mvo1tm/what_are_your_moves_tomorrow_april_22_2021/gveozoy/,1619081470,1,True,False,wallstreetbets,t5_2th52,,0,[],[],text,t2_9q8pi4g3,False,True
1619063987,[],,steakandp1e,,,,,,[],The rest of the world has to pay &gt;$15 for a box of reese‚Äôs puffs cereal. Wouldn‚Äôt want to live there,,,{},gveozpi,False,t3_mvo1tm,False,True,t1_gvenodw,/r/wallstreetbets/comments/mvo1tm/what_are_your_moves_tomorrow_april_22_2021/gveozpi/,1619081470,1,True,False,wallstreetbets,t5_2th52,,0,[],[],text,t2_71m7x09i,False,False
1619063988,[],,skaz1official,,,,,,[],I still have shares,,,{},gveozr4,False,t3_mvjmcw,False,True,t1_gvdayq8,/r/wallstreetbets/comments/mvjmcw/all_in_on_mvis_lets_do_this/gveozr4/,1619081471,1,True,False,wallstreetbets,t5_2th52,,0,[],[],text,t2_11iith,False,False
1619063991,[],,walter1021,#ff4500,,57c0331a-0d2e-11ea-86f4-0ef7601af6ab,üç∫ BUD Lord üç∫,light,[],Throwing money on him at his own events when he‚Äôs on the under while fighting someone who‚Äôs either clueless or washed is literally free money,,,{},gveozwr,False,t3_mvo1tm,False,False,t1_gveow26,/r/wallstreetbets/comments/mvo1tm/what_are_your_moves_tomorrow_april_22_2021/gveozwr/,1619081473,4,True,False,wallstreetbets,t5_2th52,,0,[],"[{'e': 'text', 't': 'üç∫ BUD Lord üç∫'}]",richtext,t2_gn1sqxu,False,False
1619063996,[],,[deleted],,,,,dark,[],[removed],,,{},gvep09b,False,t3_mvo1tm,False,True,t1_gveow26,/r/wallstreetbets/comments/mvo1tm/what_are_your_moves_tomorrow_april_22_2021/gvep09b/,1619081478,1,True,False,wallstreetbets,t5_2th52,,0,[],,,,,
1619063997,[],,[deleted],,,,,dark,[],[removed],,,{},gvep0b3,False,t3_mvwb0b,False,True,t3_mvwb0b,/r/wallstreetbets/comments/mvwb0b/viac_taking_off_rocket_dont_miss_it_out_before/gvep0b3/,1619081478,1,True,False,wallstreetbets,t5_2th52,,0,[],,,,,
